duration,protocol,src_port,dst_port,fwd_tot_pkt,fwd_tot_byte,bwd_tot_pkt,bwd_tot_byte,fwd_pkt_size_mean,fwd_pkt_size_std,fwd_pkt_size_skewness,fwd_pkt_size_kurtosis,fwd_pkt_size_min,fwd_pkt_size_max,bwd_pkt_size_mean,bwd_pkt_size_std,bwd_pkt_size_skewness,bwd_pkt_size_kurtosis,bwd_pkt_size_min,bwd_pkt_size_max,fwd_iat_mean,fwd_iat_std,fwd_iat_skewness,fwd_iat_kurtosis,fwd_iat_min,fwd_iat_max,bwd_iat_mean,bwd_iat_std,bwd_iat_skewness,bwd_iat_kurtosis,bwd_iat_min,bwd_iat_max,fwd_FIN_cnt,fwd_SYN_cnt,fwd_RST_cnt,fwd_PUSH_cnt,fwd_ACK_cnt,fwd_URG_cnt,fwd_CWE_cnt,fwd_ECE_cnt,bwd_FIN_cnt,bwd_SYN_cnt,bwd_RST_cnt,bwd_PUSH_cnt,bwd_ACK_cnt,bwd_URG_cnt,bwd_CWE_cnt,bwd_ECE_cnt
92.349,TCP,80,49200,14,1317,13,1024,94.07142857142857,122.84628274259448,3.3282011773513753,9.076923076923082,60,537,78.76923076923077,42.25955303224594,2.931579214915428,7.18735386184691,54,222,0.00043707142857138636,0.0002669313620414707,-0.28946239840736765,-1.3437287056773415,0.0,0.0008399999999966212,7.10329853846154,7.350940082282973,0.13835240367699206,-1.9627535134277003,3.999999999999989e-06,15.02472,0,0,0,14,1,1,1,1,0,0,0,11,9,2,0,1
92.34897600000001,TCP,49202,80,14,1094,14,1317,78.14285714285714,40.78139832055286,3.0745116200179803,8.095155786079903,54,222,94.07142857142857,122.84628274259448,3.3282011773513753,9.076923076923082,60,537,6.595928357142857,7.316013349108941,0.27333062564524363,-1.907863573795372,0.0,15.024794,0.0004270714285709574,0.00025257091346083397,0.875671211896102,0.5941628052169317,0.00011999999999999511,0.0010750000000001592,0,0,0,11,9,2,1,1,0,0,0,14,1,1,1,1
92.348713,TCP,49204,80,14,1096,14,1317,78.28571428571428,40.757871407038095,3.069584604612594,8.077635395469443,54,222,94.07142857142857,122.84628274259448,3.3282011773513753,9.076923076923082,60,537,6.595935714285715,7.316041844931173,0.2733276804748401,-1.9078622233791942,0.0,15.024833,0.0004009285714281194,0.0003473586998016273,1.7926952415315252,3.427907181612703,2.3999999996249244e-05,0.0014600000000086766,0,0,0,11,9,2,1,1,0,0,0,14,1,1,1,1
92.34826699999999,TCP,49206,80,14,1095,14,1317,78.21428571428572,40.7714510961996,3.0716076380858706,8.084425463660251,54,222,94.07142857142857,122.84628274259448,3.3282011773513753,9.076923076923082,60,537,6.5959529285714265,7.316095693926717,0.27332641989065554,-1.907861745089135,0.0,15.024863,0.0003518571428579374,0.0003546422457216481,2.3154842384417393,5.140683868206047,1.2999999995599865e-05,0.0015060000000062246,0,0,0,11,9,2,1,1,0,0,0,14,1,1,1,1
92.347938,TCP,49208,80,14,1095,14,1317,78.21428571428571,40.7714510961996,3.07160763808587,8.084425463660248,54,222,94.07142857142857,122.84628274259448,3.3282011773513753,9.076923076923082,60,537,6.595946357142857,7.316151801502692,0.27331765996749696,-1.907857640543128,0.0,15.025007,0.00033492857142842326,0.0003209749576986251,2.4979526343799052,5.798324992807528,4.5999999997548e-05,0.0014010000000013179,0,0,0,11,9,2,1,1,0,0,0,14,1,1,1,1
92.34724299999999,TCP,49210,80,13,1043,12,1197,80.23076923076924,41.70068039687279,2.9617916863923974,7.3124060673635505,54,222,99.75,131.83583541662713,3.0151134457776365,7.090909090909092,60,537,7.103306307692307,7.351188305892616,0.13833529743809003,-1.9627410364397693,0.0,15.025111000000003,0.0003550833333331587,0.0002825878796433625,1.926703207378059,3.5703225380002,5.3999999999999795e-05,0.0011899999999940292,0,0,0,11,9,1,1,1,0,0,0,12,1,0,1,0
92.34782799999999,TCP,49212,80,14,1098,14,1317,78.42857142857143,40.74084346857109,3.063067602615475,8.053104798397426,54,222,94.07142857142857,122.84628274259448,3.3282011773513753,9.076923076923082,60,537,6.595939,7.316216221815941,0.2733144206418499,-1.9078561968590595,0.0,15.02515,0.0003344285714290005,0.00036555177750908195,2.601863002254257,6.3011893060811985,2.1000000003823516e-05,0.0015659999999968477,0,0,0,11,9,2,1,1,0,0,0,14,1,1,1,1
92.34797300000001,TCP,49214,80,14,1094,14,1317,78.14285714285712,40.78139832055285,3.0745116200179803,8.095155786079909,54,222,94.07142857142857,122.84628274259448,3.3282011773513753,9.076923076923082,60,537,6.596016428571428,7.316212904619922,0.2732998957930702,-1.9078493806367938,0.0,15.024880000000001,0.000267357142857186,0.00020219778405818807,0.9896864440099497,0.7945864247652121,2.599999999119973e-05,0.0007870000000025357,0,0,0,11,9,2,1,1,0,0,0,14,1,1,1,1
92.348061,TCP,49216,80,14,1096,14,1317,78.28571428571428,40.757871407038095,3.0695846046125963,8.07763539546945,54,222,94.07142857142857,122.84628274259448,3.3282011773513753,9.076923076923082,60,537,6.596041571428571,7.316217235529102,0.2732928477477036,-1.9078461048257918,0.0,15.025046,0.0002484999999997964,0.0001423440249132852,0.2112228490978863,-0.9400697238589371,4.30000000000005e-05,0.0005140000000007916,0,0,0,11,9,2,1,1,0,0,0,14,1,1,1,1
92.348325,TCP,49218,80,14,1096,14,1317,78.28571428571426,40.76137627605779,3.068732288101928,8.0738403240978,54,222,94.07142857142857,122.84628274259448,3.3282011773513753,9.076923076923082,60,537,6.596048000000001,7.316227513146718,0.273289222717352,-1.907844403361096,0.0,15.025287,0.00026092857142842254,0.0002107308589108203,1.3420270085218458,1.678301660609228,2.8999999999999512e-05,0.0008469999999931588,0,0,0,11,9,2,1,1,0,0,0,14,1,1,1,1
92.348384,TCP,49220,80,15,1150,15,1377,76.66666666666666,31.514370619695953,2.921518794706777,7.8346389003121075,54,189,91.8,118.98470489941133,3.4743961448615175,10.071428571428573,60,537,6.156212466666667,7.256957172161419,0.3932915522563148,-1.8282583336889724,0.0,15.025361,0.00034646666666547556,0.0005693088050934649,3.1136673098953636,8.53892283514454,2.599999999999998e-05,0.002410000000004686,0,0,0,12,10,2,1,1,0,0,0,15,1,1,1,1
92.348656,TCP,49222,80,15,1152,15,1377,76.80000000000001,31.500687823178296,2.912771440100886,7.804029963066972,54,189,91.8,118.98470489941133,3.4743961448615175,10.071428571428573,60,537,6.1562372000000005,7.2570014190294065,0.39328915752393145,-1.8282578225272157,0.0,15.025403,0.0003398666666666251,0.0004975401982654138,2.9174010200943754,7.707829161720852,2.7000000000000114e-05,0.0021090000000043574,0,0,0,12,10,2,1,1,0,0,0,15,1,1,1,1
92.348465,TCP,49224,80,15,1152,15,1377,76.80000000000001,31.500687823178296,2.912771440100886,7.804029963066972,54,189,91.8,118.98470489941133,3.4743961448615175,10.071428571428573,60,537,6.1562194,7.256959967103325,0.3932825860649035,-1.8282562964144378,0.0,15.025525,0.0003449333333332486,0.0004962894943685989,2.687673597271904,6.527390838331094,5.000000001587068e-06,0.0020569999999935362,0,0,0,12,10,2,1,1,0,0,0,15,1,1,1,1
92.348294,TCP,49226,80,15,1151,15,1377,76.73333333333332,31.505484531356686,2.9177549804271377,7.822124668301628,54,189,91.8,118.98470489941133,3.4743961448615175,10.071428571428573,60,537,6.156228133333332,7.256962433597259,0.39327840060969077,-1.8282553554044856,0.0,15.025564,0.00032480000000116956,0.0005094717787399915,2.8113998398763385,7.023952207709918,2.599999999999998e-05,0.002105999999997721,0,0,0,12,10,2,1,1,0,0,0,15,1,1,1,1
92.3482,TCP,49228,80,15,1150,15,1377,76.66666666666667,31.514370619695956,2.9215187947067767,7.8346389003121,54,189,91.8,118.98470489941133,3.4743961448615175,10.071428571428573,60,537,6.156238400000001,7.25698047847552,0.3932750684280917,-1.828254645911873,0.0,15.025239,0.00030826666666623753,0.0005008149979997974,2.8628929786858355,7.2441009703928625,6.000000013273166e-06,0.0020689999999987663,0,0,0,12,10,2,1,1,0,0,0,15,1,1,1,1
92.34798199999999,TCP,49230,80,15,1148,15,1377,76.53333333333333,31.52959808744088,2.9297986686616384,7.863203136120887,54,189,91.8,118.98470489941133,3.4743961448615175,10.071428571428573,60,537,6.156233199999999,7.25702786078527,0.39327670085959754,-1.8282550421770127,0.0,15.025262,0.00029893333333351425,0.0004912678110998504,2.9312689784185895,7.544541226274221,4.0000000041118255e-06,0.0020390000000034547,0,0,0,12,10,2,1,1,0,0,0,15,1,1,1,1
92.347769,TCP,49232,80,15,1149,15,1377,76.6,31.52311321342907,2.92532189645292,7.847363873984866,54,189,91.8,118.98470489941133,3.4743961448615175,10.071428571428573,60,537,6.156233733333334,7.257079651744032,0.3932790600378501,-1.8282556082564825,0.0,15.025454,0.00028419999999938794,0.00047816276168927087,3.080289894060082,8.344623238270664,5.000000001587068e-06,0.002009999999998513,0,0,0,12,10,2,1,1,0,0,0,15,1,1,1,1
92.34761,TCP,49234,80,15,1149,15,1377,76.6,31.52311321342907,2.9253218964529197,7.847363873984861,54,189,91.8,118.98470489941133,3.4743961448615175,10.071428571428573,60,537,6.156191266666666,7.2570761515983975,0.39328020954149495,-1.8282559252547146,0.0,15.025257,0.0003160666666673653,0.0005104336021668686,2.827522646806581,7.199413533671034,5.999999999062311e-06,0.002108999999997252,0,0,0,12,10,2,1,1,0,0,0,15,1,1,1,1
92.347367,TCP,49236,80,15,1150,15,1377,76.66666666666667,31.514370619695956,2.9215187947067762,7.8346389003121,54,189,91.8,118.98470489941133,3.4743961448615175,10.071428571428573,60,537,6.156178266666667,7.257116863278829,0.39328239445048674,-1.8282564761727347,0.0,15.025027,0.0003128666666662022,0.0005031834478807193,2.8406259123596462,7.284253075578778,5.000000001587068e-06,0.002083999999996422,0,0,0,12,10,2,1,1,0,0,0,15,1,1,1,1
92.34722500000001,TCP,49238,80,15,1151,15,1377,76.73333333333332,31.505484531356686,2.9177549804271377,7.822124668301628,54,189,91.8,118.98470489941133,3.4743961448615175,10.071428571428573,60,537,6.156172266666665,7.257146310608852,0.393282536759742,-1.828256516798768,0.0,15.025047,0.0003094000000014929,0.0005316218957107369,2.957941670610069,7.79287248194216,1.0000000003174137e-05,0.0022039999999989845,0,0,0,12,10,2,1,1,0,0,0,15,1,1,1,1
92.347208,TCP,49240,80,15,1151,15,1377,76.73333333333332,31.509716314531016,2.9164968857234568,7.816329799924894,54,189,91.8,118.98470489941133,3.4743961448615175,10.071428571428573,60,537,6.156189999999999,7.257200504962696,0.3932819928000636,-1.8282564098438492,0.0,15.025074,0.000290533333333952,0.0005219333120454768,3.124484806528214,8.474109421671386,2.7000000000000114e-05,0.0021800000000027353,0,0,0,12,10,2,1,1,0,0,0,15,1,1,1,1
92.34704900000001,TCP,49242,80,15,1151,15,1377,76.73333333333332,31.505484531356686,2.9177549804271377,7.822124668301628,54,189,91.8,118.98470489941133,3.4743961448615175,10.071428571428573,60,537,6.156056066666667,7.257057260916719,0.39328131640289304,-1.828256166112294,0.0,15.024938,0.000413866666666392,0.0009455069798209553,3.3223311764488956,9.40419545285915,5.999999999062311e-06,0.003905000000003156,0,0,0,12,10,2,1,1,0,0,0,15,1,1,1,1
92.347166,TCP,49244,80,15,1150,15,1377,76.66666666666666,31.514370619695953,2.921518794706777,7.834638900312106,54,189,91.8,118.98470489941133,3.4743961448615175,10.071428571428573,60,537,6.1560642,7.257074322229339,0.3932797131062736,-1.8282558214561113,0.0,15.024958999999999,0.00041353333333220266,0.0009348998425272505,3.349212244924387,9.52579626118718,6.999999996537554e-06,0.0038740000000032637,0,0,0,12,10,2,1,1,0,0,0,15,1,1,1,1
92.346952,TCP,49246,80,15,1151,15,1377,76.73333333333332,31.509716314531012,2.916496885723458,7.816329799924901,54,189,91.8,118.98470489941133,3.4743961448615175,10.071428571428573,60,537,6.156049466666668,7.257111836365363,0.3932819743135142,-1.828256395671953,0.0,15.024549,0.00041399999999918775,0.000930212663856119,3.304357748637932,9.323644204076025,5.999999999062311e-06,0.003842999999996266,0,0,0,12,10,2,1,1,0,0,0,15,1,1,1,1
92.34674,TCP,49248,80,15,1150,15,1377,76.66666666666667,31.518601209797087,2.920261620384771,7.828839878883263,54,189,91.8,118.98470489941133,3.4743961448615175,10.071428571428573,60,537,6.156063600000001,7.257175788735108,0.39328326808811626,-1.8282566953624277,0.0,15.024788,0.00038573333333300717,0.0009240825696632018,3.3645741812307457,9.596185952433611,5.999999999062311e-06,0.0038109999999988986,0,0,0,12,10,2,1,1,0,0,0,15,1,1,1,1
92.34655599999999,TCP,49250,80,15,1149,15,1377,76.6,31.52311321342907,2.92532189645292,7.847363873984866,54,189,91.8,118.98470489941133,3.4743961448615175,10.071428571428573,60,537,6.156043799999998,7.257177496138987,0.39328237076557965,-1.8282565446910406,0.0,15.024676999999999,0.0003932666666675403,0.0009158484930512173,3.341033032258899,9.493889633389747,5.999999999062311e-06,0.003781000000003587,0,0,0,12,10,2,1,1,0,0,0,15,1,1,1,1
92.34636,TCP,49252,80,15,1148,15,1377,76.53333333333333,31.53382663461925,2.928517305372164,7.857404474976121,54,189,91.8,118.98470489941133,3.4743961448615175,10.071428571428573,60,537,6.156044799999999,7.2572014568077154,0.3932796954529569,-1.8282559677407417,0.0,15.024584999999998,0.00037920000000109597,0.0009070620118463129,3.38420157803876,9.679128675257644,5.999999999062311e-06,0.0037470000000041637,0,0,0,12,10,2,1,1,0,0,0,15,1,1,1,1
92.346131,TCP,49254,80,14,1097,14,1317,78.35714285714286,40.75117376549179,3.0658855993628595,8.063400166841728,54,222,94.07142857142857,122.84628274259448,3.3282011773513753,9.076923076923082,60,537,6.595746571428573,7.316346780506743,0.27326795619757405,-1.9078346935913961,0.0,15.024734,0.00040564285714209954,0.0009241685535155534,3.229856008880619,8.67196310298453,5.000000001587068e-06,0.0037090000000006285,0,0,0,11,9,2,1,1,0,0,0,14,1,1,1,1
92.345951,TCP,49256,80,14,1095,14,1317,78.21428571428572,40.76794709332422,3.0724593562584004,8.088222727130598,54,222,94.07142857142857,122.84628274259448,3.3282011773513753,9.076923076923082,60,537,6.595756785714286,7.316421776294221,0.27326917754788643,-1.9078353246466366,0.0,15.024664999999999,0.0003825714285719405,0.0008625626034654557,3.226963959696576,8.661431138501166,5.000000001587068e-06,0.003464999999998497,0,0,0,11,9,2,1,1,0,0,0,14,1,1,1,1
92.34565099999999,TCP,49258,80,14,1095,14,1317,78.21428571428572,40.76794709332422,3.0724593562584004,8.088222727130598,54,222,94.07142857142857,122.84628274259448,3.3282011773513753,9.076923076923082,60,537,6.595756142857141,7.316468026216337,0.2732688749722069,-1.9078352568054895,0.0,15.024383,0.00036178571428672205,0.0008109980780812431,3.2270502308050464,8.662405371783894,5.000000001587068e-06,0.003259999999997376,0,0,0,11,9,2,1,1,0,0,0,14,1,1,1,1
92.34537900000001,TCP,49260,80,15,1146,15,1377,76.4,31.55693267730563,2.9344217500895047,7.875194782015553,54,189,91.8,118.98470489941133,3.4743961448615175,10.071428571428573,60,537,6.1560268,7.257360717225771,0.3932791075499833,-1.8282559777232583,0.0,15.024406,0.00033180000000024567,0.0007563124751061216,3.3498314781119776,9.520436470883604,2.8999999997836312e-05,0.0031310000000033256,0,0,0,12,10,2,1,1,0,0,0,15,1,1,1,1
92.345149,TCP,49262,80,15,1148,15,1377,76.53333333333333,31.53382663461925,2.9285173053721647,7.857404474976123,54,189,91.8,118.98470489941133,3.4743961448615175,10.071428571428573,60,537,6.156036200000001,7.257419000618942,0.39328208811916937,-1.8282566825845765,0.0,15.024359,0.0003070666666663785,0.0007295346888411861,3.3517186334298166,9.536638576886949,6.999999996537554e-06,0.003008000000001232,0,0,0,12,10,2,1,1,0,0,0,15,1,1,1,1
92.345143,TCP,49264,80,14,1095,14,1317,78.21428571428572,40.76794709332422,3.0724593562584004,8.088222727130594,54,222,94.07142857142857,122.84628274259448,3.3282011773513753,9.076923076923082,60,537,6.595743214285716,7.316578603504132,0.2732709860475748,-1.9078363695960918,0.0,15.024359999999998,0.00033842857142608586,0.0007357458523039034,3.1832707682166483,8.475502911042364,5.999999999062311e-06,0.0029569999999949914,0,0,0,11,9,2,1,1,0,0,0,14,1,1,1,1
92.343455,TCP,49266,80,14,1095,14,1317,78.21428571428572,40.771451096199606,3.0716076380858706,8.084425463660251,54,222,94.07142857142857,122.84628274259448,3.3282011773513753,9.076923076923082,60,537,6.595620214285713,7.316728692612589,0.2732677736999952,-1.9078350296569548,0.0,15.024242999999998,0.00034085714285817117,0.0007243616753620205,3.2084960044738,8.58318639186451,6.000000013273166e-06,0.002924999999997624,0,0,0,11,9,2,1,1,0,0,0,14,1,1,1,1
92.34310500000001,TCP,49268,80,14,1097,14,1317,78.35714285714285,40.75117376549178,3.06588559936286,8.063400166841731,54,222,94.07142857142857,122.84628274259448,3.3282011773513753,9.076923076923082,60,537,6.595565857142858,7.316708896219626,0.27326663272634266,-1.9078344997504872,0.0,15.024274999999998,0.00037021428571481075,0.0007117872052149646,3.123472031128103,8.238511847137017,1.8999999999998185e-05,0.00288999999999362,0,0,0,11,9,2,1,1,0,0,0,14,1,1,1,1
92.342829,TCP,49270,80,14,1094,14,1317,78.14285714285712,40.77614348551148,3.075791620165859,8.100854359927567,54,222,94.07142857142857,122.84628274259448,3.3282011773513753,9.076923076923082,60,537,6.595577857142858,7.316778445096046,0.2732677556718819,-1.9078350544175278,0.0,15.024435,0.0003384999999992518,0.000685840334397823,3.183693960695358,8.487549850663214,5.999999999062311e-06,0.002780000000001337,0,0,0,11,9,2,1,1,0,0,0,14,1,1,1,1
92.342466,TCP,49272,80,14,1096,14,1317,78.28571428571428,40.761376276057796,3.0687322881019257,8.073840324097793,54,222,94.07142857142857,122.84628274259448,3.3282011773513753,9.076923076923082,60,537,6.59556478571429,7.316802041890201,0.27326623177418535,-1.907834360304829,0.0,15.024482,0.0003256428571409375,0.000675727502890375,3.210897451313366,8.59747424621052,5.000000001587068e-06,0.0027369999999962147,0,0,0,11,9,2,1,1,0,0,0,14,1,1,1,1
92.34223800000001,TCP,49274,80,14,1095,14,1317,78.21428571428572,40.76794709332422,3.072459356258401,8.088222727130596,54,222,94.07142857142857,122.84628274259448,3.3282011773513753,9.076923076923082,60,537,6.595573928571428,7.316850615873506,0.27326671269104313,-1.9078346189876212,0.0,15.024352000000002,0.00030021428571482006,0.0006446668218735117,3.207902315521417,8.58247847811313,5.999999999062311e-06,0.002600000000001046,0,0,0,11,9,2,1,1,0,0,0,14,1,1,1,1
92.34200799999999,TCP,49276,80,14,1096,14,1317,78.28571428571428,40.757871407038095,3.069584604612594,8.077635395469443,54,222,94.07142857142857,122.84628274259448,3.3282011773513753,9.076923076923082,60,537,6.595558499999999,7.316884729396733,0.2732676673394486,-1.9078350837190436,0.0,15.024259,0.00029921428571463415,0.0006116062200204218,3.1446818621743673,8.310684702801694,5.000000001587068e-06,0.002468000000000359,0,0,0,11,9,2,1,1,0,0,0,14,1,1,1,1
92.341847,TCP,49278,80,14,1093,14,1317,78.07142857142857,40.79296908206869,3.077009593152587,8.104136176404701,54,222,94.07142857142857,122.84628274259448,3.3282011773513753,9.076923076923082,60,537,6.5956056428571435,7.316959528835162,0.27326579707759663,-1.9078342466776648,0.0,15.024372,0.0002405714285704087,0.0005147077831541894,3.1592510581951894,8.364733750595178,5.999999999062311e-06,0.0020679999999941856,0,0,0,11,9,2,1,1,0,0,0,14,1,1,1,1
92.341589,TCP,49280,80,14,1097,14,1317,78.35714285714285,40.75117376549178,3.06588559936286,8.063400166841731,54,222,94.07142857142857,122.84628274259448,3.3282011773513753,9.076923076923082,60,537,6.5955615000000005,7.31697137830615,0.2732651785096471,-1.907833993788847,0.0,15.024338,0.000266285714284758,0.00047161855479242417,3.0098862202098395,7.746766856124671,5.999999999062311e-06,0.0019169999999988363,0,0,0,11,9,2,1,1,0,0,0,14,1,1,1,1
92.341259,TCP,49282,80,14,1096,14,1317,78.28571428571428,40.761376276057796,3.0687322881019257,8.073840324097798,54,222,94.07142857142857,122.84628274259448,3.3282011773513753,9.076923076923082,60,537,6.595574000000001,7.317028090307343,0.2732638474661409,-1.9078334486563133,0.0,15.024388000000002,0.00023021428571342678,0.0004255281052620406,3.1762055644840674,8.456992950844203,5.000000001587068e-06,0.0017440000000021882,0,0,0,11,9,2,1,1,0,0,0,14,1,1,1,1
92.340652,TCP,49284,80,14,1095,14,1317,78.21428571428572,40.76794709332422,3.072459356258401,8.088222727130598,54,222,94.07142857142857,122.84628274259448,3.3282011773513753,9.076923076923082,60,537,6.595528285714284,7.317073313435369,0.27326195876779363,-1.9078325635635789,0.0,15.024453999999999,0.00023257142857193434,0.00041909114492441976,2.977242581104463,7.556990599160368,5.000000001587068e-06,0.0016929999999959477,0,0,0,11,9,2,1,1,0,0,0,14,1,1,1,1
92.340447,TCP,49286,80,14,1096,14,1317,78.28571428571428,40.761376276057796,3.0687322881019257,8.073840324097798,54,222,94.07142857142857,122.84628274259448,3.3282011773513753,9.076923076923082,60,537,6.595536214285715,7.317102454186164,0.2732593433557678,-1.907831351437773,0.0,15.024598000000001,0.00020999999999989406,0.000410504219570027,3.119664154008736,8.198253216269068,5.999999999062311e-06,0.0016619999999960555,0,0,0,11,9,2,1,1,0,0,0,14,1,1,1,1
92.340456,TCP,49288,80,14,1093,14,1317,78.07142857142857,40.7929690820687,3.0769843393223133,8.104149972891172,54,222,94.07142857142857,122.84628274259448,3.3282011773513753,9.076923076923082,60,537,6.5955141428571435,7.317105860519435,0.2732584064875813,-1.9078309260858686,0.0,15.024644,0.00023271428571228388,0.00040745980144677845,2.8212022754948194,6.882289675022896,5.000000001587068e-06,0.0016289999999941074,0,0,0,11,9,2,1,1,0,0,0,14,1,1,1,1
92.33973599999999,TCP,49290,80,14,1095,14,1317,78.21428571428572,40.7696991324064,3.0720239643689005,8.086328859149043,54,222,94.07142857142857,122.84628274259448,3.3282011773513753,9.076923076923082,60,537,6.5955014285714295,7.317133603158321,0.27325720630959305,-1.9078303940936217,0.0,15.024636,0.00019399999999823822,0.0004000158925425188,3.0572636961451947,7.859514444660951,5.999999999062311e-06,0.0015980000000013206,0,0,0,11,9,2,1,1,0,0,0,14,1,1,1,1
92.339534,TCP,49292,80,14,1095,14,1317,78.21428571428572,40.773202984713535,3.071172434181141,8.082532571663714,54,222,94.07142857142857,122.84628274259448,3.3282011773513753,9.076923076923082,60,537,6.595509071428573,7.31715981947435,0.27325605666202873,-1.9078298639808409,0.0,15.024825000000002,0.00017192857142652514,0.00039001711762647767,3.23959006834337,8.703151874418506,4.9999999873762135e-06,0.0015670000000014284,0,0,0,11,9,2,1,1,0,0,0,14,1,1,1,1
92.339321,TCP,49294,80,14,1096,14,1317,78.28571428571428,40.761376276057796,3.0687322881019257,8.073840324097795,54,222,94.07142857142857,122.84628274259448,3.3282011773513753,9.076923076923082,60,537,6.595480214285714,7.317175589891196,0.2732547394524334,-1.907829244967105,0.0,15.025020999999999,0.0001855714285711758,0.00037891399595103067,3.1933912831191096,8.50169227704278,2.1999999987087904e-05,0.001535000000004061,0,0,0,11,9,2,1,1,0,0,0,14,1,1,1,1
92.339063,TCP,49296,80,14,1094,14,1317,78.14285714285712,40.78139832055286,3.0745116200179794,8.095155786079907,54,222,94.07142857142857,122.84628274259448,3.3282011773513753,9.076923076923082,60,537,6.595460214285715,7.317189583884126,0.2732541739475527,-1.9078289936674069,0.0,15.025098000000002,0.00018714285714292286,0.00037871962058996203,3.0645886287796267,7.911408919302778,4.0000000041118255e-06,0.0015179999999972438,0,0,0,11,9,2,1,1,0,0,0,14,1,1,1,1
92.338745,TCP,49298,80,15,1148,15,1377,76.53333333333333,31.53171243191351,2.9291642574036927,7.860299959130458,54,189,91.8,118.98470489941133,3.4743961448615175,10.071428571428573,60,537,6.1557374000000005,7.258027163883391,0.3932669446817042,-1.8282537901772715,0.0,15.025094000000001,0.00017893333333321502,0.00035945838269409527,3.1834292663203683,8.744035782605783,5.000000001587068e-06,0.0014880000000019322,0,0,0,12,10,2,1,1,0,0,0,15,1,1,1,1
92.338409,TCP,49300,80,14,1094,14,1317,78.14285714285712,40.77789517243231,3.075362753683791,8.098955305863626,54,222,94.07142857142857,122.84628274259448,3.3282011773513753,9.076923076923082,60,537,6.595421500000001,7.317233646800688,0.27325196291410164,-1.907827990195797,0.0,15.025195,0.00017914285714165597,0.00036121775330990013,3.111502562602789,8.133575819128792,6.999999996537554e-06,0.001454999999999984,0,0,0,11,9,2,1,1,0,0,0,14,1,1,1,1
92.338283,TCP,49302,80,14,1097,14,1317,78.35714285714286,40.75117376549179,3.06588559936286,8.06340016684173,54,222,94.07142857142857,122.84628274259448,3.3282011773513753,9.076923076923082,60,537,6.5954117142857145,7.31726154982658,0.2732509040186811,-1.9078275260048225,0.0,15.025179999999999,0.0001799285714287033,0.00035428287009215597,3.048867199263026,7.879988378570388,5.999999999062311e-06,0.0014240000000000919,0,0,0,11,9,2,1,1,0,0,0,14,1,1,1,1
92.338048,TCP,49304,80,14,1098,14,1317,78.42857142857143,40.74084346857109,3.063067602615475,8.053104798397426,54,222,94.07142857142857,122.84628274259448,3.3282011773513753,9.076923076923082,60,537,6.5953927142857145,7.317285947298251,0.27324990238323116,-1.9078270906798176,0.0,15.025212000000002,0.00018214285714158163,0.0003425296352447203,3.088182779340698,8.063502063455921,4.9999999873762135e-06,0.0013900000000006685,0,0,0,11,9,2,1,1,0,0,0,14,1,1,1,1
92.33779899999999,TCP,49306,80,14,1096,14,1317,78.28571428571428,40.761376276057796,3.0687322881019257,8.073840324097795,54,222,94.07142857142857,122.84628274259448,3.3282011773513753,9.076923076923082,60,537,6.595382214285714,7.317297203451826,0.273248800875049,-1.9078265555353633,0.0,15.025448,0.00017485714285707016,0.0003373764021599285,3.0540390054244906,7.896164231278862,5.000000001587068e-06,0.0013599999999982515,0,0,0,11,9,2,1,1,0,0,0,14,1,1,1,1
92.33746,TCP,49308,80,14,1097,14,1317,78.35714285714286,40.74766801891358,3.0667385280914616,8.067193110297161,54,222,94.07142857142857,122.84628274259448,3.3282011773513753,9.076923076923082,60,537,6.595371071428572,7.3173085527234125,0.2732477070118329,-1.9078260402638816,0.0,15.025523,0.0001617857142850615,0.0003345269962558371,3.0899063526531956,8.04597060375141,5.999999999062311e-06,0.001340999999996484,0,0,0,11,9,2,1,1,0,0,0,14,1,1,1,1
92.337306,TCP,49310,80,14,1096,14,1317,78.28571428571428,40.757871407038095,3.0695846046125963,8.07763539546945,54,222,94.07142857142857,122.84628274259448,3.3282011773513753,9.076923076923082,60,537,6.595357142857143,7.317321452237763,0.2732469248343923,-1.9078256814523316,0.0,15.025632000000002,0.00016471428571284484,0.0003225462156425613,3.1613469867972777,8.36888075882934,9.000000005698894e-06,0.001310000000003697,0,0,0,11,9,2,1,1,0,0,0,14,1,1,1,1
92.33708999999999,TCP,49312,80,14,1096,14,1317,78.28571428571428,40.757871407038095,3.069584604612594,8.077635395469443,54,222,94.07142857142857,122.84628274259448,3.3282011773513753,9.076923076923082,60,537,6.595336357142855,7.317314764483433,0.27324589376124336,-1.9078251745974675,0.0,15.025768,0.00017007142857186183,0.0003339780711984859,3.04270331141623,7.8128850151905915,5.999999999062311e-06,0.0013410000000035893,0,0,0,11,9,2,1,1,0,0,0,14,1,1,1,1
92.33695999999999,TCP,49314,80,14,1093,14,1317,78.07142857142858,40.78946692768733,3.0778599686257464,8.107937040413162,54,222,94.07142857142857,122.84628274259448,3.3282011773513753,9.076923076923082,60,537,6.595425142857143,7.317443207568307,0.2732456963747623,-1.9078252033307181,0.0,15.025932000000001,7.199999999991588e-05,5.244861430906183e-05,1.1740436584378413,0.44370519981724543,1.8999999994662176e-05,0.00020500000000112095,0,0,0,11,9,2,1,1,0,0,0,14,1,1,1,1
92.33684899999999,TCP,49316,80,14,1097,14,1317,78.35714285714285,40.75117376549178,3.0658855993628604,8.063400166841733,54,222,94.07142857142857,122.84628274259448,3.3282011773513753,9.076923076923082,60,537,6.595418642857141,7.317455422027919,0.2732434461853307,-1.9078241660933637,0.0,15.025946,7.057142857221507e-05,5.4896934972910784e-05,0.8507582011307923,-0.7819933336623572,5.999999999062311e-06,0.00018199999999999814,0,0,0,11,9,2,1,1,0,0,0,14,1,1,1,1
92.336611,TCP,49318,80,14,1096,14,1317,78.28571428571428,40.761376276057796,3.0687322881019257,8.073840324097793,54,222,94.07142857142857,122.84628274259448,3.3282011773513753,9.076923076923082,60,537,6.595409214285715,7.3174682257466745,0.2732431371443161,-1.90782404524023,0.0,15.025905999999999,6.300000000048727e-05,4.249873947774414e-05,0.8005411189088,-0.7891518637832036,5.999999999062311e-06,0.00014399999999881175,0,0,0,11,9,2,1,1,0,0,0,14,1,1,1,1
92.33646300000001,TCP,49320,80,14,1095,14,1317,78.21428571428572,40.76794709332422,3.0724593562584013,8.088222727130598,54,222,94.07142857142857,122.84628274259448,3.3282011773513753,9.076923076923082,60,537,6.595399857142858,7.317482312421493,0.2732423888678267,-1.9078237046262636,0.0,15.025948000000001,6.178571428647542e-05,4.00895044517335e-05,0.7194405630772315,-0.877215253575375,5.000000001587068e-06,0.00013200000000068712,0,0,0,11,9,2,1,1,0,0,0,14,1,1,1,1
92.33643900000001,TCP,49322,80,13,1040,12,1197,79.99999999999999,41.746487645899386,2.967981600137331,7.332830393826907,54,222,99.75,131.83583541662713,3.0151134457776365,7.090909090909092,60,537,7.10273576923077,7.35261872216414,0.1382501350979112,-1.9626791507683639,0.0,15.025898999999999,7.283333333431372e-05,5.0235832715467296e-05,1.4859596554300707,1.2647599094828266,2.9000000012047167e-05,0.00020499999999401552,0,0,0,11,9,1,1,1,0,0,0,12,1,0,1,0
92.336386,TCP,49324,80,14,1092,14,1317,78.0,40.7991596552114,3.0808208606488665,8.118959479912307,54,222,94.07142857142857,122.84628274259448,3.3282011773513753,9.076923076923082,60,537,6.595378428571429,7.317509365599441,0.27323951039957584,-1.9078223986245966,0.0,15.025925,7.771428571396197e-05,7.190711128358149e-05,1.7108664388952715,1.7143770273597552,9.999999988963282e-06,0.00027000000000043656,0,0,0,11,9,2,1,1,0,0,0,14,1,1,1,1
92.336052,TCP,49326,80,14,1098,14,1317,78.42857142857143,40.74084346857109,3.063067602615475,8.053104798397426,54,222,94.07142857142857,122.84628274259448,3.3282011773513753,9.076923076923082,60,537,6.595356642857146,7.317537991984674,0.2732386667883976,-1.90782203507275,0.0,15.025928000000002,7.564285714087938e-05,7.016165736027798e-05,1.718559861823688,2.1220031249528324,5.999999999062311e-06,0.0002740000000045484,0,0,0,11,9,2,1,1,0,0,0,14,1,1,1,1
92.335909,TCP,49328,80,14,1094,14,1317,78.14285714285712,40.78665247857641,3.073200874002102,8.089479087836747,54,222,94.07142857142857,122.84628274259448,3.3282011773513753,9.076923076923082,60,537,6.595342357142855,7.317542197418277,0.27323821222618877,-1.9078218350198521,0.0,15.02589,7.971428571550416e-05,7.098030770445869e-05,1.965319889366731,3.3636795198154257,5.999999999062311e-06,0.0002950000000083719,0,0,0,11,9,2,1,1,0,0,0,14,1,1,1,1
92.335815,TCP,49330,80,14,1096,14,1317,78.28571428571428,40.761376276057796,3.0687322881019257,8.073840324097793,54,222,94.07142857142857,122.84628274259448,3.3282011773513753,9.076923076923082,60,537,6.5953355,7.317554650503948,0.2732377056822012,-1.9078216013854568,0.0,15.02594,7.98571428568904e-05,7.960694257174647e-05,2.3279596871490513,4.92035802300506,5.999999999062311e-06,0.0003369999999875972,0,0,0,11,9,2,1,1,0,0,0,14,1,1,1,1
92.335646,TCP,49332,80,15,1149,15,1377,76.60000000000001,31.529457126101402,2.923418648684967,7.838669791878459,54,189,91.8,118.98470489941133,3.4743961448615175,10.071428571428573,60,537,6.155640533333334,7.258338191811677,0.3932525779303563,-1.8282507802056318,0.0,15.025951000000001,6.919999999940955e-05,7.972552916221964e-05,2.767858360894964,6.900723095843562,5.000000001587068e-06,0.0003470000000049822,0,0,0,12,10,2,1,1,0,0,0,15,1,1,1,1
92.33547700000001,TCP,49334,80,14,1094,14,1317,78.14285714285714,40.77789517243231,3.075362753683792,8.098955305863626,54,222,94.07142857142857,122.84628274259448,3.3282011773513753,9.076923076923082,60,537,6.59530657142857,7.317575356793921,0.2732369371040073,-1.9078212818315576,0.0,15.025953,8.464285714451272e-05,7.689288202126026e-05,2.260478151387919,4.530976411330785,2.7000000002885827e-05,0.00032999999999105967,0,0,0,11,9,2,1,1,0,0,0,14,1,1,1,1
92.335188,TCP,49336,80,14,1093,14,1317,78.07142857142858,40.79121804246296,3.0774252632326915,8.106041228929254,54,222,94.07142857142857,122.84628274259448,3.3282011773513753,9.076923076923082,60,537,6.5952707857142885,7.317590851973279,0.27323459439708253,-1.907820191142947,0.0,15.025945,9.978571428282366e-05,8.762108240608005e-05,1.584595824475676,1.1362003256599964,3.5999999994373866e-05,0.00033100000000274576,0,0,0,11,9,2,1,1,0,0,0,14,1,1,1,1
92.334926,TCP,49338,80,14,1096,14,1317,78.28571428571428,40.761376276057796,3.0687322881019257,8.073840324097798,54,222,94.07142857142857,122.84628274259448,3.3282011773513753,9.076923076923082,60,537,6.595260571428572,7.317611652134555,0.27323360132243085,-1.9078197478037868,0.0,15.025953,9.128571428519942e-05,8.882601659683413e-05,1.2741031794941593,0.22957669284392201,5.000000001587068e-06,0.00030399999999985994,0,0,0,11,9,2,1,1,0,0,0,14,1,1,1,1
92.334684,TCP,49340,80,14,1096,14,1317,78.28571428571428,40.757871407038095,3.0695846046125954,8.077635395469445,54,222,94.07142857142857,122.84628274259448,3.3282011773513753,9.076923076923082,60,537,6.595260785714285,7.317609647646042,0.27323165373000047,-1.907818845007916,0.0,15.02591,7.37857142863516e-05,6.788033438184312e-05,1.279392594587814,0.0035946785622233968,5.000000001587068e-06,0.00022399999999578313,0,0,0,11,9,2,1,1,0,0,0,14,1,1,1,1
92.33453,TCP,49342,80,15,1151,15,1377,76.73333333333332,31.505484531356686,2.9177549804271377,7.822124668301628,54,189,91.8,118.98470489941133,3.4743961448615175,10.071428571428573,60,537,6.155562200000001,7.258395810151508,0.39324622711040363,-1.8282494157993394,0.0,15.025873,7.313333333263255e-05,6.481858444059359e-05,1.304752989378953,0.13930803154520488,5.000000001587068e-06,0.0002190000000013015,0,0,0,12,10,2,1,1,0,0,0,15,1,1,1,1
92.33424,TCP,49344,80,14,1095,14,1317,78.21428571428572,40.76794709332422,3.072459356258401,8.088222727130594,54,222,94.07142857142857,122.84628274259448,3.3282011773513753,9.076923076923082,60,537,6.595234499999999,7.317640935086347,0.2732295002477398,-1.9078178831446937,0.0,15.025833,6.835714285785481e-05,5.579376199362252e-05,1.4568607617352367,0.9727144832399173,5.000000001587068e-06,0.00021300000000223918,0,0,0,11,9,2,1,1,0,0,0,14,1,1,1,1
92.334066,TCP,49346,80,14,1093,14,1317,78.07142857142858,40.79121804246295,3.0774442060446545,8.106031498966978,54,222,94.07142857142857,122.84628274259448,3.3282011773513753,9.076923076923082,60,537,6.595227285714285,7.317654988725675,0.27322836835715775,-1.9078173610328162,0.0,15.025872999999999,6.314285714361046e-05,5.4509313938695985e-05,1.5028349158591674,1.110620039292658,5.999999999062311e-06,0.00020699999999607144,0,0,0,11,9,2,1,1,0,0,0,14,1,1,1,1
92.33402600000001,TCP,49348,80,14,1096,14,1317,78.28571428571429,40.761376276057796,3.0687322881019266,8.073840324097798,54,222,94.07142857142857,122.84628274259448,3.3282011773513753,9.076923076923082,60,537,6.59521657142857,7.317669079522022,0.2732276275511732,-1.907817030350284,0.0,15.025854,7.100000000159904e-05,6.901759609955941e-05,1.6919022086020634,1.4974849849166132,5.000000001587068e-06,0.00025300000000072487,0,0,0,11,9,2,1,1,0,0,0,14,1,1,1,1
92.33384500000001,TCP,49350,80,15,1148,15,1377,76.53333333333332,31.53805461484409,2.927262317304666,7.851599041203528,54,189,91.8,118.98470489941133,3.4743961448615175,10.071428571428573,60,537,6.155527733333332,7.258447484427926,0.393241306997739,-1.8282483492293364,0.0,15.025875,6.193333333414374e-05,5.509442399594524e-05,1.3992770289567769,0.7312909532302112,5.999999999062311e-06,0.00020299999999906504,0,0,0,12,10,2,1,1,0,0,0,15,1,1,1,1
92.33372,TCP,49352,80,14,1097,14,1317,78.35714285714285,40.75117376549178,3.0658855993628604,8.063400166841733,54,222,94.07142857142857,122.84628274259448,3.3282011773513753,9.076923076923082,60,537,6.595197214285716,7.317692684529834,0.2732251086131533,-1.907815877853333,0.0,15.025879000000002,6.849999999804731e-05,5.769222527728116e-05,1.831372367831031,2.2394721576246948,2.599999999119973e-05,0.0002340000000060627,0,0,0,11,9,2,1,1,0,0,0,14,1,1,1,1
92.333485,TCP,49354,80,15,1151,15,1377,76.73333333333332,31.505484531356686,2.9177549804271377,7.822124668301628,54,189,91.8,118.98470489941133,3.4743961448615175,10.071428571428573,60,537,6.155492200000001,7.2584621755643015,0.39324064828929384,-1.828248247045881,0.0,15.025653000000002,7.346666666543193e-05,7.61462335823197e-05,1.5199590023006722,0.8821383314377198,5.000000001587068e-06,0.00025499999999567535,0,0,0,12,10,2,1,1,0,0,0,15,1,1,1,1
92.333321,TCP,49356,80,15,1149,15,1377,76.6,31.52311321342907,2.9253218964529197,7.847363873984863,54,189,91.8,118.98470489941133,3.4743961448615175,10.071428571428573,60,537,6.1554764666666655,7.258462134466326,0.3932389135501713,-1.8282478544870273,0.0,15.025684,7.826666666732594e-05,6.874248241878346e-05,1.1156825127906407,-0.1704709362241803,5.999999999062311e-06,0.00023499999999998522,0,0,0,12,10,2,1,1,0,0,0,15,1,1,1,1
92.33317699999999,TCP,49358,80,15,1150,15,1377,76.66666666666666,31.514370619695953,2.921518794706777,7.8346389003121075,54,189,91.8,118.98470489941133,3.4743961448615175,10.071428571428573,60,537,6.155463666666668,7.2584861890746755,0.3932381650289522,-1.8282477121110712,0.0,15.02573,8.14666666662941e-05,7.321645231170052e-05,0.9877116219802696,-0.5888216557331987,4.9999999873762135e-06,0.0002290000000009229,0,0,0,12,10,2,1,1,0,0,0,15,1,1,1,1
92.333009,TCP,49360,80,14,1094,14,1317,78.14285714285712,40.77614348551148,3.075791620165859,8.100854359927567,54,222,94.07142857142857,122.84628274259448,3.3282011773513753,9.076923076923082,60,537,6.595109928571428,7.317759927811792,0.2732190206062634,-1.9078131311530522,0.0,15.025742999999999,0.00010500000000035133,8.27094743228113e-05,0.6367819309222998,-1.0676405621413823,5.000000001587068e-06,0.00024900000000016576,0,0,0,11,9,2,1,1,0,0,0,14,1,1,1,1
92.332846,TCP,49362,80,14,1096,14,1317,78.28571428571428,40.761376276057796,3.0687322881019266,8.073840324097798,54,222,94.07142857142857,122.84628274259448,3.3282011773513753,9.076923076923082,60,537,6.595101214285714,7.317767048018291,0.2732168242562375,-1.9078121137889474,0.0,15.025764,0.00010207142857163995,7.810566495295584e-05,0.6509135825018697,-1.000085118992533,9.000000005698894e-06,0.00024400000000035504,0,0,0,11,9,2,1,1,0,0,0,14,1,1,1,1
92.33255700000001,TCP,49364,80,14,1094,14,1317,78.14285714285714,40.77789517243231,3.0753627536837915,8.098955305863626,54,222,94.07142857142857,122.84628274259448,3.3282011773513753,9.076923076923082,60,537,6.595092785714286,7.317780538723729,0.27321749539267964,-1.9078124345581813,0.0,15.025806,8.985714285697225e-05,7.585875704500456e-05,0.9184431185854443,-0.8577720910366673,5.999999999062311e-06,0.00023799999999951638,0,0,0,11,9,2,1,1,0,0,0,14,1,1,1,1
92.332315,TCP,49366,80,15,1149,15,1377,76.60000000000001,31.520998292143815,2.9259567442475243,7.850264772288618,54,189,91.8,118.98470489941133,3.4743961448615175,10.071428571428573,60,537,6.155403000000001,7.258539678855822,0.39323374512434833,-1.828246757002112,0.0,15.025824,8.466666666468772e-05,7.248693368949303e-05,1.0642135116872702,-0.37182441817165346,4.9999999873762135e-06,0.00023200000000045407,0,0,0,12,10,2,1,1,0,0,0,15,1,1,1,1
92.332115,TCP,49368,80,14,1097,14,1317,78.35714285714286,40.74766801891358,3.0667385280914616,8.067193110297161,54,222,94.07142857142857,122.84628274259448,3.3282011773513753,9.076923076923082,60,537,6.595059571428571,7.317800804107013,0.27321710743487,-1.9078122819274772,0.0,15.025856,9.150000000040797e-05,7.979057409519478e-05,1.1283151344679476,-0.21254115464042522,5.999999999062311e-06,0.00026800000000548607,0,0,0,11,9,2,1,1,0,0,0,14,1,1,1,1
92.33197200000001,TCP,49370,80,14,1096,14,1317,78.28571428571428,40.75611885950128,3.070014067566614,8.07953217792116,54,222,94.07142857142857,122.84628274259448,3.3282011773513753,9.076923076923082,60,537,6.595042785714285,7.317806823815406,0.2732172357040935,-1.9078123440235302,0.0,15.025886000000002,9.807142857252659e-05,8.794760151382248e-05,1.2111157705273983,0.10212173963223581,2.800000000036107e-05,0.000309000000001447,0,0,0,11,9,2,1,1,0,0,0,14,1,1,1,1
92.33184800000001,TCP,49372,80,14,1097,14,1317,78.35714285714286,40.74766801891358,3.0667385280914616,8.067193110297161,54,222,94.07142857142857,122.84628274259448,3.3282011773513753,9.076923076923082,60,537,6.595027571428571,7.31781707248225,0.27321739303707293,-1.9078124317950598,0.0,15.025924,0.0001044285714278779,0.00010345786877807137,1.7991061669619846,2.5460912149119856,5.000000001587068e-06,0.0004069999999956053,0,0,0,11,9,2,1,1,0,0,0,14,1,1,1,1
92.331674,TCP,49374,80,14,1095,14,1317,78.21428571428572,40.76794709332422,3.0724593562584004,8.088222727130594,54,222,94.07142857142857,122.84628274259448,3.3282011773513753,9.076923076923082,60,537,6.595017642857143,7.317832261874849,0.273217463504021,-1.9078124743220641,0.0,15.025945,0.00010192857142929564,0.00011468245866858118,2.0879918166956655,3.6847423113456754,7.000000010748408e-06,0.0004559999999997899,0,0,0,11,9,2,1,1,0,0,0,14,1,1,1,1
92.332603,TCP,49376,80,14,1093,14,1317,78.07142857142857,40.78771573773213,3.0782947689877935,8.109833339315369,54,222,94.07142857142857,122.84628274259448,3.3282011773513753,9.076923076923082,60,537,6.595003642857143,7.317837495041752,0.2732170277459331,-1.9078122805751316,0.0,15.025974000000001,0.00018228571428599425,0.000400582331216105,3.185897827373589,8.474501172963018,5.999999999062311e-06,0.0016080000000044947,0,0,0,11,9,2,1,1,0,0,0,14,1,1,1,1
92.33134100000001,TCP,49378,80,14,1092,14,1317,78.0,40.802660977651236,3.0799710419099866,8.11515623125677,54,222,94.07142857142857,122.84628274259448,3.3282011773513753,9.076923076923082,60,537,6.594985642857144,7.317849641492246,0.27321725297199684,-1.907812396922533,0.0,15.026000999999999,0.00011014285714277497,0.00013265791513613877,2.3844917513892394,4.918834556679874,2.1000000003823516e-05,0.000538999999989187,0,0,0,11,9,2,1,1,0,0,0,14,1,1,1,1
92.331097,TCP,49380,80,14,1097,14,1317,78.35714285714285,40.75117376549178,3.065885599362861,8.063400166841737,54,222,94.07142857142857,122.84628274259448,3.3282011773513753,9.076923076923082,60,537,6.594956357142859,7.317848064336435,0.27321700578332064,-1.9078122933988437,0.0,15.026085000000002,0.00012199999999764853,0.00015271448616740134,2.2954496638524735,4.61766055205257,4.9999999873762135e-06,0.0006109999999921456,0,0,0,11,9,2,1,1,0,0,0,14,1,1,1,1
92.330937,TCP,49382,80,14,1095,14,1317,78.21428571428574,40.76794709332422,3.0724593562584013,8.088222727130598,54,222,94.07142857142857,122.84628274259448,3.3282011773513753,9.076923076923082,60,537,6.594949071428571,7.317869352574155,0.2732172941692151,-1.9078124311979072,0.0,15.02616,0.00011785714285722382,0.00016629743454215295,2.533165660979634,5.621945404963654,5.999999999062311e-06,0.0006680000000045538,0,0,0,11,9,2,1,1,0,0,0,14,1,1,1,1
92.330811,TCP,49384,80,14,1096,14,1317,78.28571428571428,40.757871407038095,3.0695846046125954,8.077635395469445,54,222,94.07142857142857,122.84628274259448,3.3282011773513753,9.076923076923082,60,537,6.594920857142857,7.3178819151191155,0.27321662346948505,-1.9078121271773707,0.0,15.026195,0.00013707142857193887,0.00016521521214999708,2.5844828155898982,6.032573429626526,1.7999999999997185e-05,0.0006899999999916417,0,0,0,11,9,2,1,1,0,0,0,14,1,1,1,1
92.330591,TCP,49386,80,14,1097,14,1317,78.35714285714285,40.75117376549178,3.06588559936286,8.063400166841731,54,222,94.07142857142857,122.84628274259448,3.3282011773513753,9.076923076923082,60,537,6.594877714285716,7.317910087708468,0.2732162336338871,-1.9078119721352838,0.0,15.026205000000001,0.0001644999999993207,0.0001857916459754178,2.3792645200625264,5.210210117046239,5.999999999062311e-06,0.0007710000000002992,0,0,0,11,9,2,1,1,0,0,0,14,1,1,1,1
92.33035500000001,TCP,49388,80,14,1097,14,1317,78.35714285714285,40.75117376549178,3.06588559936286,8.063400166841731,54,222,94.07142857142857,122.84628274259448,3.3282011773513753,9.076923076923082,60,537,6.594890214285715,7.317927308398262,0.27321507372509973,-1.9078114385601361,0.0,15.026231000000001,0.00013514285714307975,0.00020319373484063287,2.436944708876563,5.096113080543843,5.000000001587068e-06,0.0007960000000082346,0,0,0,11,9,2,1,1,0,0,0,14,1,1,1,1
92.329986,TCP,49390,80,14,1098,14,1317,78.42857142857143,40.74084346857109,3.063067602615475,8.053104798397426,54,222,94.07142857142857,122.84628274259448,3.3282011773513753,9.076923076923082,60,537,6.594861000000001,7.317924896654651,0.2732132880949947,-1.9078106050973576,0.0,15.026264000000001,0.00013799999999937622,0.0001780637927445013,2.3998082763118465,5.118186043680481,2.8999999997836312e-05,0.0007180000000062137,0,0,0,11,9,2,1,1,0,0,0,14,1,1,1,1
92.329771,TCP,49392,80,14,1097,14,1317,78.35714285714285,40.75117376549178,3.065885599362861,8.063400166841737,54,222,94.07142857142857,122.84628274259448,3.3282011773513753,9.076923076923082,60,537,6.594859999999999,7.317931211504937,0.2732112235337214,-1.9078096402285176,0.0,15.026269999999998,0.00012364285714277167,0.00015821892930734625,2.2483237655114157,4.477463574736502,5.999999999062311e-06,0.0006279999999918573,0,0,0,11,9,2,1,1,0,0,0,14,1,1,1,1
92.329532,TCP,49394,80,14,1096,14,1317,78.28571428571428,40.757871407038095,3.0695846046125963,8.077635395469448,54,222,94.07142857142857,122.84628274259448,3.3282011773513753,9.076923076923082,60,537,6.59484507142857,7.317953393957986,0.27321000272767154,-1.907809079170687,0.0,15.026319,0.00012150000000042632,0.00014121197339275773,2.2872741153423664,4.707323938360051,5.999999999062311e-06,0.0005750000000119826,0,0,0,11,9,2,1,1,0,0,0,14,1,1,1,1
92.329302,TCP,49396,80,15,1151,15,1377,76.73333333333332,31.509716314531016,2.9164968857234568,7.816329799924894,54,189,91.8,118.98470489941133,3.4743961448615175,10.071428571428573,60,537,6.155174666666667,7.258709376193187,0.3932264114952784,-1.828245227738433,0.0,15.026342999999999,0.00011213333333233758,0.00013712275117052698,2.2078752748960486,4.347435473058914,5.000000001587068e-06,0.0005539999999939482,0,0,0,12,10,2,1,1,0,0,0,15,1,1,1,1
92.32888799999999,TCP,49398,80,15,1152,15,1377,76.80000000000001,31.500687823178296,2.912771440100886,7.804029963066972,54,189,91.8,118.98470489941133,3.4743961448615175,10.071428571428573,60,537,6.1551556,7.258733983534088,0.3932257222512597,-1.8282450807775954,0.0,15.026376,0.00010360000000049034,0.00013572855263371825,2.186287931328226,3.9736524357332703,6.999999996537554e-06,0.0005340000000018108,0,0,0,12,10,2,1,1,0,0,0,15,1,1,1,1
92.328542,TCP,49400,80,13,1041,12,1197,80.07692307692308,41.728908147085875,2.9664654982238194,7.3282905038810835,54,222,99.75,131.83583541662713,3.0151134457776365,7.090909090909092,60,537,7.102096923076924,7.353236028882277,0.1382106350630851,-1.9626504153551472,0.0,15.026420000000002,0.0001068333333324479,0.00012431400654209948,1.9881796629925241,2.9383472141597737,2.3999999996249244e-05,0.00046600000000296404,0,0,0,11,9,1,1,1,0,0,0,12,1,0,1,0
92.32830899999999,TCP,49402,80,14,1097,14,1317,78.35714285714286,40.75117376549179,3.06588559936286,8.06340016684173,54,222,94.07142857142857,122.84628274259448,3.3282011773513753,9.076923076923082,60,537,6.594795214285713,7.318035918580967,0.2732033840049234,-1.9078060294489467,0.0,15.026425000000001,8.40000000000835e-05,0.00011006037304383329,2.2244415130462523,3.9159561456476526,5.999999999062311e-06,0.00042600000000447835,0,0,0,11,9,2,1,1,0,0,0,14,1,1,1,1
92.32809,TCP,49404,80,15,1148,15,1377,76.53333333333333,31.53171243191351,2.929164257403693,7.860299959130458,54,189,91.8,118.98470489941133,3.4743961448615175,10.071428571428573,60,537,6.1551362666666645,7.2587614078895815,0.3932174733201047,-1.8282432056162425,0.0,15.026473,6.9733333334659e-05,6.845481883969023e-05,1.3624470925281704,0.17542592879031904,5.000000001587068e-06,0.00022200000000083264,0,0,0,12,10,2,1,1,0,0,0,15,1,1,1,1
92.32779199999999,TCP,49406,80,14,1098,14,1317,78.42857142857143,40.74084346857109,3.063067602615475,8.053104798397426,54,222,94.07142857142857,122.84628274259448,3.3282011773513753,9.076923076923082,60,537,6.594771714285715,7.318068296291509,0.27319837027680594,-1.9078037007980162,0.0,15.026497,7.05714285714808e-05,7.412991904572828e-05,1.3291095958583967,0.0901792951195497,5.000000001587068e-06,0.0002329999999999971,0,0,0,11,9,2,1,1,0,0,0,14,1,1,1,1
92.327501,TCP,49408,80,14,1097,14,1317,78.35714285714286,40.74766801891358,3.0667385280914616,8.067193110297161,54,222,94.07142857142857,122.84628274259448,3.3282011773513753,9.076923076923082,60,537,6.5947384285714294,7.318078088165263,0.27319764955385006,-1.9078033731861073,0.0,15.026505,8.307142857140955e-05,6.629745123915973e-05,1.0779393363626728,-0.33042062998884747,2.7000000002885827e-05,0.00023499999999998522,0,0,0,11,9,2,1,1,0,0,0,14,1,1,1,1
92.32738099999999,TCP,49410,80,14,1097,14,1317,78.35714285714286,40.75117376549179,3.06588559936286,8.06340016684173,54,222,94.07142857142857,122.84628274259448,3.3282011773513753,9.076923076923082,60,537,6.594724999999998,7.318095021651469,0.27319476696119244,-1.9078020312393675,0.0,15.026549000000001,8.792857143027116e-05,8.52303301858315e-05,1.650060078528233,1.7475150992337198,5.000000001587068e-06,0.00032200000000000284,0,0,0,11,9,2,1,1,0,0,0,14,1,1,1,1
92.327377,TCP,49412,80,14,1095,14,1317,78.21428571428572,40.76794709332422,3.0724593562584013,8.0882227271306,54,222,94.07142857142857,122.84628274259448,3.3282011773513753,9.076923076923082,60,537,6.59473157142857,7.318126232029077,0.2731923416417068,-1.9078009043546647,0.0,15.026522,8.107142857272891e-05,8.342016224602456e-05,1.6362763000464275,1.526023433207798,1.0000000003174137e-05,0.0003049999999973352,0,0,0,11,9,2,1,1,0,0,0,14,1,1,1,1
92.32719,TCP,49414,80,14,1095,14,1317,78.21428571428572,40.76794709332422,3.0724593562584013,8.088222727130598,54,222,94.07142857142857,122.84628274259448,3.3282011773513753,9.076923076923082,60,537,6.594717928571428,7.318136916130318,0.2731924562196601,-1.9078009656261505,0.0,15.026525000000001,8.135714285801128e-05,8.184009421055658e-05,1.847584190890151,1.9423700900012149,2.5999999999998247e-05,0.0003030000000023847,0,0,0,11,9,2,1,1,0,0,0,14,1,1,1,1
92.326844,TCP,49416,80,14,1096,14,1317,78.28571428571428,40.761376276057796,3.0687322881019257,8.073840324097793,54,222,94.07142857142857,122.84628274259448,3.3282011773513753,9.076923076923082,60,537,6.594693571428571,7.318162785174682,0.27319219189557997,-1.907800853261279,0.0,15.026534999999999,8.100000000030155e-05,8.99666604897025e-05,1.9544604621048125,2.6412144460356517,6.999999996537554e-06,0.00034099999999170905,0,0,0,11,9,2,1,1,0,0,0,14,1,1,1,1
92.326577,TCP,49418,80,14,1095,14,1317,78.21428571428572,40.7714510961996,3.0716076380858706,8.08442546366025,54,222,94.07142857142857,122.84628274259448,3.3282011773513753,9.076923076923082,60,537,6.594683857142859,7.318180179926037,0.27319167200584055,-1.907800626051057,0.0,15.026486,7.164285714253923e-05,9.739581036953886e-05,2.8240297395960376,6.853036876116565,6.000000013273166e-06,0.00040500000000065484,0,0,0,11,9,2,1,1,0,0,0,14,1,1,1,1
92.32639800000001,TCP,49420,80,14,1096,14,1317,78.28571428571428,40.757871407038095,3.0695846046125963,8.07763539546945,54,222,94.07142857142857,122.84628274259448,3.3282011773513753,9.076923076923082,60,537,6.594631642857144,7.31814500798102,0.27319087756329935,-1.907800241811977,0.0,15.026403,0.0001110714285700567,0.00015256870315920272,2.1034290351180465,3.057897177746834,1.7999999997186933e-05,0.0005609999999975912,0,0,0,11,9,2,1,1,0,0,0,14,1,1,1,1
92.32622199999999,TCP,49422,80,14,1096,14,1317,78.28571428571428,40.757871407038095,3.0695846046125954,8.077635395469445,54,222,94.07142857142857,122.84628274259448,3.3282011773513753,9.076923076923082,60,537,6.594620642857141,7.31816100733648,0.2731906176178814,-1.907800122664925,0.0,15.026451999999999,0.00010950000000023193,0.00015397390780724267,2.0797301620647346,2.861287278975812,5.999999999062311e-06,0.0005559999999960041,0,0,0,11,9,2,1,1,0,0,0,14,1,1,1,1
92.326095,TCP,49424,80,14,1097,14,1317,78.35714285714285,40.75117376549178,3.0658855993628604,8.063400166841733,54,222,94.07142857142857,122.84628274259448,3.3282011773513753,9.076923076923082,60,537,6.594608142857143,7.318173578515661,0.27318999611486844,-1.9077998505504437,0.0,15.026409000000001,0.00011292857142884395,0.0001484190324160959,1.9266535465479233,2.307996703427242,5.999999999062311e-06,0.000529999999997699,0,0,0,11,9,2,1,1,0,0,0,14,1,1,1,1
92.325885,TCP,49426,80,14,1094,14,1317,78.14285714285714,40.77789517243231,3.075362753683791,8.098955305863626,54,222,94.07142857142857,122.84628274259448,3.3282011773513753,9.076923076923082,60,537,6.594594142857144,7.318193129171959,0.2731884127938169,-1.9077991167016866,0.0,15.026416000000001,0.00011192857142778527,0.00014556219303482875,1.816339070510012,2.047618185346404,4.9999999873762135e-06,0.0005230000000011614,0,0,0,11,9,2,1,1,0,0,0,14,1,1,1,1
92.32561899999999,TCP,49428,80,14,1094,14,1317,78.14285714285712,40.7778951724323,3.0753627536837915,8.09895530586363,54,222,94.07142857142857,122.84628274259448,3.3282011773513753,9.076923076923082,60,537,6.594571999999999,7.318204888536143,0.27318701239519144,-1.9077984649004789,0.0,15.026443,0.0001150714285705955,0.0001507090215737443,2.2526556884798326,4.190983847060712,5.999999999062311e-06,0.0005900000000025329,0,0,0,11,9,2,1,1,0,0,0,14,1,1,1,1
92.325382,TCP,49430,80,14,1095,14,1317,78.21428571428572,40.76794709332422,3.072459356258401,8.088222727130594,54,222,94.07142857142857,122.84628274259448,3.3282011773513753,9.076923076923082,60,537,6.594547428571431,7.3182323798491495,0.27318643936409637,-1.9077982082711897,0.0,15.026442999999999,0.00012271428571324866,0.00016332501714301292,1.8427770430136095,2.169093406652249,5.999999999062311e-06,0.0005859999999984211,0,0,0,11,9,2,1,1,0,0,0,14,1,1,1,1
92.32508200000001,TCP,49432,80,14,1093,14,1317,78.07142857142858,40.79121804246295,3.077412634691383,8.106048747536471,54,222,94.07142857142857,122.84628274259448,3.3282011773513753,9.076923076923082,60,537,6.594551142857143,7.318233434912534,0.2731830012592425,-1.9077966061452774,0.0,15.026419,9.757142857193603e-05,0.00014763406221657077,2.485876799989722,5.2340952208797535,5.000000001587068e-06,0.0005799999999993588,0,0,0,11,9,2,1,1,0,0,0,14,1,1,1,1
92.32486300000001,TCP,49434,80,14,1096,14,1317,78.28571428571429,40.757871407038095,3.069584604612595,8.07763539546945,54,222,94.07142857142857,122.84628274259448,3.3282011773513753,9.076923076923082,60,537,6.594532857142857,7.318253780235788,0.27318133913445514,-1.9077958366837875,0.0,15.026441,0.00010021428571386007,0.00013788202958218645,2.8374042126970216,7.004543490569043,5.000000001587068e-06,0.0005740000000002965,0,0,0,11,9,2,1,1,0,0,0,14,1,1,1,1
92.324716,TCP,49436,80,14,1096,14,1317,78.28571428571428,40.761376276057796,3.0687322881019257,8.073840324097793,54,222,94.07142857142857,122.84628274259448,3.3282011773513753,9.076923076923082,60,537,6.5945145,7.318273570406027,0.27317949095353594,-1.9077949805396164,0.0,15.026443,0.00010807142857164965,0.00013937947393716563,2.3808780611217935,4.747311943635728,5.999999999062311e-06,0.0005549999999985289,0,0,0,11,9,2,1,1,0,0,0,14,1,1,1,1
92.324329,TCP,49438,80,14,1097,14,1317,78.35714285714285,40.75117376549178,3.065885599362861,8.063400166841737,54,222,94.07142857142857,122.84628274259448,3.3282011773513753,9.076923076923082,60,537,6.5944932142857144,7.3183000715052495,0.2731779782176934,-1.9077942855569134,0.0,15.026410000000002,0.00010171428571549767,0.00014327168425800138,2.269940797981743,4.077167603033946,5.000000001587068e-06,0.0005489999999994666,0,0,0,11,9,2,1,1,0,0,0,14,1,1,1,1
92.324118,TCP,49440,80,14,1097,14,1317,78.35714285714286,40.74766801891358,3.0667385280914616,8.067193110297161,54,222,94.07142857142857,122.84628274259448,3.3282011773513753,9.076923076923082,60,537,6.594474142857144,7.318313482237857,0.2731766952186622,-1.907793693967554,0.0,15.026441,0.00010571428571323166,0.0001405608300305955,2.3380347720991717,4.1081597673490835,2.8999999997836312e-05,0.0005430000000004043,0,0,0,11,9,2,1,1,0,0,0,14,1,1,1,1
92.323804,TCP,49442,80,14,1097,14,1317,78.35714285714286,40.74766801891358,3.0667385280914616,8.067193110297161,54,222,94.07142857142857,122.84628274259448,3.3282011773513753,9.076923076923082,60,537,6.5944518571428565,7.318346776478324,0.2731755102320493,-1.9077931512512567,0.0,15.026422000000002,0.00010557142857169773,0.00013840969943588547,2.1798989010221628,3.9315763966893966,5.999999999062311e-06,0.000537000000001342,0,0,0,11,9,2,1,1,0,0,0,14,1,1,1,1
92.32339,TCP,49444,80,13,1044,12,1197,80.3076923076923,41.69003683852573,2.9586302177370682,7.301065379414016,54,222,99.75,131.83583541662713,3.0151134457776365,7.090909090909092,60,537,7.1016723846153855,7.353631593314062,0.13817599629158756,-1.9626248927717953,0.0,15.02643,0.00013741666666557416,0.0001499958101274592,1.4864506063734202,1.300312310748553,1.7999999999997185e-05,0.0005310000000022796,0,0,0,11,9,1,1,1,0,0,0,12,1,0,1,0
92.323106,TCP,49446,80,14,1096,14,1317,78.28571428571428,40.761376276057796,3.0687322881019257,8.073840324097796,54,222,94.07142857142857,122.84628274259448,3.3282011773513753,9.076923076923082,60,537,6.594399499999997,7.318369175009227,0.27317367355053335,-1.9077922917099668,0.0,15.026409,0.00010807142857336803,0.00013647839404387825,2.076034001654619,3.519247225805257,1.0000000003174137e-05,0.0005270000000052733,0,0,0,11,9,2,1,1,0,0,0,14,1,1,1,1
92.322876,TCP,49448,80,14,1096,14,1317,78.28571428571428,40.757871407038095,3.069584604612594,8.077635395469443,54,222,94.07142857142857,122.84628274259448,3.3282011773513753,9.076923076923082,60,537,6.594390428571429,7.318381302608986,0.27317247604387734,-1.907791738382467,0.0,15.026413,0.00010071428571364001,0.00012587262755375556,2.333048711872975,4.665083499074941,5.999999999062311e-06,0.0005039999999993938,0,0,0,11,9,2,1,1,0,0,0,14,1,1,1,1
92.322684,TCP,49450,80,14,1097,14,1317,78.35714285714286,40.74766801891358,3.0667385280914616,8.067193110297161,54,222,94.07142857142857,122.84628274259448,3.3282011773513753,9.076923076923082,60,537,6.594377142857143,7.318390765617466,0.2731714493213472,-1.90779127599924,0.0,15.026297,0.00010028571428576552,0.00012239072593794582,2.4197131107811227,5.013753457297495,1.7999999997186933e-05,0.0004969999999957508,0,0,0,11,9,2,1,1,0,0,0,14,1,1,1,1
92.32244399999999,TCP,49452,80,14,1096,14,1317,78.28571428571428,40.757871407038095,3.069584604612594,8.077635395469443,54,222,94.07142857142857,122.84628274259448,3.3282011773513753,9.076923076923082,60,537,6.594355428571428,7.318418584607283,0.2731704066692483,-1.9077908034749622,0.0,15.026253,0.00010485714285786378,0.00012734310074096356,2.0124332865650993,3.2602337709296245,5.000000001587068e-06,0.000491000000003794,0,0,0,11,9,2,1,1,0,0,0,14,1,1,1,1
92.322128,TCP,49454,80,14,1095,14,1317,78.21428571428572,40.76794709332421,3.072459356258402,8.088222727130601,54,222,94.07142857142857,122.84628274259448,3.3282011773513753,9.076923076923082,60,537,6.594353571428573,7.318443086813067,0.2731693106236889,-1.9077903304452857,0.0,15.026218,8.414285714144694e-05,9.358789386351089e-05,1.693508158736703,1.6271612266467512,5.999999999062311e-06,0.00034200000000339514,0,0,0,11,9,2,1,1,0,0,0,14,1,1,1,1
92.32205,TCP,49456,80,15,1151,15,1377,76.73333333333332,31.505484531356686,2.9177549804271377,7.822124668301628,54,189,91.8,118.98470489941133,3.4743961448615175,10.071428571428573,60,537,6.154726066666668,7.2591174498548385,0.39318851502781016,-1.8282368086162466,0.0,15.026182,7.726666666534831e-05,8.725324572189819e-05,2.1169417695209334,3.40399816252053,1.7999999999997185e-05,0.00034600000000040154,0,0,0,12,10,2,1,1,0,0,0,15,1,1,1,1
92.321777,TCP,49458,80,14,1092,14,1317,78.0,40.80266097765124,3.079945806071136,8.115169837929505,54,222,94.07142857142857,122.84628274259448,3.3282011773513753,9.076923076923082,60,537,6.594316714285713,7.3184734198081856,0.2731665260763366,-1.9077890480136797,0.0,15.026148000000001,9.592857142925718e-05,9.608587252094552e-05,1.4165502366159926,0.9037086457566401,5.000000001587068e-06,0.0003470000000049822,0,0,0,11,9,2,1,1,0,0,0,14,1,1,1,1
92.321555,TCP,49460,80,13,1042,13,1257,80.15384615384615,41.71855546183838,2.9632420160062853,7.316653060116906,54,222,96.6923076923077,127.10588234005454,3.1754264805429417,8.083333333333337,60,537,7.101548384615385,7.353780454296369,0.1381660080936495,-1.9626176131282942,0.0,15.026107999999999,0.00010969230769256524,0.00010644708661437537,1.0458642726226444,-0.28523448178455046,1.499999999055035e-05,0.00034800000000245745,0,0,0,11,9,1,1,1,0,0,0,13,1,0,1,1
92.321456,TCP,49462,80,14,1096,14,1317,78.28571428571428,40.761376276057796,3.0687322881019257,8.073840324097793,54,222,94.07142857142857,122.84628274259448,3.3282011773513753,9.076923076923082,60,537,6.594281714285715,7.318500277645506,0.27316309100773956,-1.9077874617227584,0.0,15.026086,0.00010800000000042126,0.00011419281938871117,1.2285280135005927,0.053286968664720824,5.999999999062311e-06,0.00037299999999618194,0,0,0,11,9,2,1,1,0,0,0,14,1,1,1,1
92.32114,TCP,49464,80,14,1095,14,1317,78.21428571428574,40.773202984713535,3.0711724341811415,8.082532571663716,54,222,94.07142857142857,122.84628274259448,3.3282011773513753,9.076923076923082,60,537,6.594262714285714,7.318521477571337,0.2731621978909998,-1.9077870554982415,0.0,15.026038999999999,0.00010442857142891972,0.00010514188664180089,1.3276183656239948,0.689203925591007,5.000000001587068e-06,0.00037499999999823785,0,0,0,11,9,2,1,1,0,0,0,14,1,1,1,1
92.32085599999999,TCP,49466,80,14,1097,14,1317,78.35714285714285,40.75117376549178,3.065885599362861,8.063400166841737,54,222,94.07142857142857,122.84628274259448,3.3282011773513753,9.076923076923082,60,537,6.594247857142856,7.3185325125902905,0.2731621863667894,-1.907787059283608,0.0,15.026020999999998,9.89999999999523e-05,0.00010668578697711698,1.3700441074938325,0.6821030386143576,5.000000001587068e-06,0.0003759999999957131,0,0,0,11,9,2,1,1,0,0,0,14,1,1,1,1
92.320611,TCP,49468,80,14,1095,14,1317,78.21428571428572,40.771451096199606,3.071607638085871,8.084425463660253,54,222,94.07142857142857,122.84628274259448,3.3282011773513753,9.076923076923082,60,537,6.594227785714286,7.318545426379833,0.2731613637364531,-1.9077866846589606,0.0,15.025996,0.00010157142857126498,0.00010647046155455855,1.41552717236933,0.8344254727620064,5.000000001587068e-06,0.000377999999997769,0,0,0,11,9,2,1,1,0,0,0,14,1,1,1,1
92.32042799999999,TCP,49470,80,14,1097,14,1317,78.35714285714286,40.75117376549179,3.0658855993628595,8.063400166841728,54,222,94.07142857142857,122.84628274259448,3.3282011773513753,9.076923076923082,60,537,6.594217714285714,7.318565629493738,0.27316071647782986,-1.907786386907359,0.0,15.025977999999999,9.857142857211596e-05,0.00010993615958230455,1.3529712509579415,0.5454645735644843,5.999999999062311e-06,0.000377999999997769,0,0,0,11,9,2,1,1,0,0,0,14,1,1,1,1
92.320285,TCP,49472,80,14,1096,14,1317,78.28571428571428,40.757871407038095,3.0695846046125963,8.07763539546945,54,222,94.07142857142857,122.84628274259448,3.3282011773513753,9.076923076923082,60,537,6.594205857142858,7.318567566603158,0.2731591065219986,-1.9077856427113684,0.0,15.025932999999998,0.00010021428571351512,0.00010670063500343812,1.6331327210293876,1.7326348007415309,5.999999999062311e-06,0.0003990000000015925,0,0,0,11,9,2,1,1,0,0,0,14,1,1,1,1
92.319899,TCP,49474,80,14,1094,14,1317,78.14285714285714,40.77964678410954,3.0749276610523837,8.097060238389131,54,222,94.07142857142857,122.84628274259448,3.3282011773513753,9.076923076923082,60,537,6.594185857142856,7.318597693165952,0.2731579357736046,-1.9077851015724865,0.0,15.025897,9.264285714496306e-05,0.00010584463488809159,1.7887767683392477,2.4123013698462232,8.000000008223651e-06,0.00040100000000364844,0,0,0,11,9,2,1,1,0,0,0,14,1,1,1,1
92.31969699999999,TCP,49476,80,14,1095,14,1317,78.21428571428572,40.76794709332422,3.0724593562584004,8.088222727130594,54,222,94.07142857142857,122.84628274259448,3.3282011773513753,9.076923076923082,60,537,6.59417,7.318613180122564,0.2731560528920054,-1.9077842279409223,0.0,15.025863999999999,9.407142857135165e-05,0.00010666868886382785,1.7525857980274513,2.218535045097955,5.000000001587068e-06,0.00040100000000364844,0,0,0,11,9,2,1,1,0,0,0,14,1,1,1,1
92.319552,TCP,49478,80,14,1095,14,1317,78.21428571428572,40.76794709332422,3.0724593562584004,8.088222727130594,54,222,94.07142857142857,122.84628274259448,3.3282011773513753,9.076923076923082,60,537,6.594156285714288,7.318632431892249,0.2731545081926011,-1.9077835028007566,0.0,15.025943,9.742857142820197e-05,0.00011075179088342537,1.9583453224100364,2.9611080329479744,5.000000001587068e-06,0.0004270000000019536,0,0,0,11,9,2,1,1,0,0,0,14,1,1,1,1
92.319203,TCP,49480,80,14,1096,14,1317,78.28571428571428,40.757871407038095,3.0695846046125963,8.077635395469448,54,222,94.07142857142857,122.84628274259448,3.3282011773513753,9.076923076923082,60,537,6.594137571428569,7.318647339172087,0.27315327139132434,-1.907782933786388,0.0,15.025915000000001,9.121428571675947e-05,0.00010499059724657146,2.385385258565191,4.821077095008321,1.5000000004761205e-05,0.0004290000000040095,0,0,0,11,9,2,1,1,0,0,0,14,1,1,1,1
92.318875,TCP,49482,80,13,1042,12,1197,80.15384615384615,41.714867583570175,2.964112610972346,7.320274546426759,54,222,99.75,131.83583541662713,3.0151134457776365,7.090909090909092,60,537,7.101356384615386,7.353981955395685,0.13815212567804377,-1.962607402263283,0.0,15.025889000000001,0.00010349999999900139,0.00011556347462101716,2.1931176815807443,3.9825180090751564,1.799999999896329e-05,0.0004519999999956781,0,0,0,11,9,1,1,1,0,0,0,12,1,0,1,0
92.318748,TCP,49484,80,14,1095,14,1317,78.21428571428574,40.76794709332422,3.0724593562584017,8.088222727130605,54,222,94.07142857142857,122.84628274259448,3.3282011773513753,9.076923076923082,60,537,6.5940898571428574,7.3186841656997315,0.27315209392934336,-1.9077824028597843,0.0,15.025835,0.00010642857142864616,0.00012305499019489165,1.7830662502715997,2.070655478477234,5.999999999062311e-06,0.000453999999997734,0,0,0,11,9,2,1,1,0,0,0,14,1,1,1,1
92.318428,TCP,49486,80,14,1093,14,1317,78.07142857142858,40.78771573773213,3.078294768987795,8.109833339315369,54,222,94.07142857142857,122.84628274259448,3.3282011773513753,9.076923076923082,60,537,6.594076642857143,7.318697748905956,0.27315087486947726,-1.9077818375507134,0.0,15.025808000000001,9.678571428480047e-05,0.00011491001359420142,2.1432350900070087,3.911188374351938,5.000000001587068e-06,0.00045499999999520924,0,0,0,11,9,2,1,1,0,0,0,14,1,1,1,1
92.318195,TCP,49488,80,15,1151,15,1377,76.73333333333332,31.509716314531016,2.9164968857234568,7.816329799924894,54,189,91.8,118.98470489941133,3.4743961448615175,10.071428571428573,60,537,6.154455866666669,7.259352025951011,0.3931720858103552,-1.8282331714176236,0.0,15.025779000000002,9.046666666613912e-05,0.00012000992551475972,2.0533998238843307,3.226702092935003,5.999999999062311e-06,0.00045699999999726515,0,0,0,12,10,2,1,1,0,0,0,15,1,1,1,1
92.317857,TCP,49490,80,14,1095,14,1317,78.21428571428572,40.771451096199606,3.0716076380858706,8.084425463660251,54,222,94.07142857142857,122.84628274259448,3.3282011773513753,9.076923076923082,60,537,6.594034857142859,7.31872579639681,0.27314938756319335,-1.9077811602886725,0.0,15.025706000000001,9.778571428601479e-05,0.00011701659135780399,2.404104891541242,5.13375190010515,5.000000001587068e-06,0.0004789999999985639,0,0,0,11,9,2,1,1,0,0,0,14,1,1,1,1
92.317881,TCP,49492,80,15,1151,15,1377,76.73333333333332,31.509716314531016,2.9164968857234568,7.8163297999248975,54,189,91.8,118.98470489941133,3.4743961448615175,10.071428571428573,60,537,6.154431733333331,7.259362864688374,0.3931684859604418,-1.8282323592808403,0.0,15.025652,9.366666666875967e-05,0.00011910145068653393,2.3129402914960524,4.644982210975862,5.999999999062311e-06,0.0004810000000006198,0,0,0,12,10,2,1,1,0,0,0,15,1,1,1,1
92.317649,TCP,49494,80,15,1148,15,1377,76.53333333333332,31.535940695586604,2.927908835715625,7.854492196655478,54,189,91.8,118.98470489941133,3.4743961448615175,10.071428571428573,60,537,6.1544182,7.259379271665663,0.3931680779536388,-1.828232271254385,0.0,15.025649,9.173333333335012e-05,0.00011989576954779218,2.344752794880922,4.7012591488064,5.000000001587068e-06,0.00048199999999809506,0,0,0,12,10,2,1,1,0,0,0,15,1,1,1,1
92.31738200000001,TCP,49496,80,14,1095,14,1317,78.21428571428572,40.771451096199606,3.0716076380858706,8.084425463660251,54,222,94.07142857142857,122.84628274259448,3.3282011773513753,9.076923076923082,60,537,6.5939976428571425,7.318753016401366,0.2731448713806821,-1.9077790632817466,0.0,15.025583999999998,0.0001010714285719331,0.00012035510808136766,2.5357801681021046,5.7793469647430715,4.0000000041118255e-06,0.0005010000000069681,0,0,0,11,9,2,1,1,0,0,0,14,1,1,1,1
92.31775400000001,TCP,49498,80,14,1096,14,1317,78.28571428571428,40.757871407038095,3.0695846046125954,8.077635395469446,54,222,94.07142857142857,122.84628274259448,3.3282011773513753,9.076923076923082,60,537,6.593976285714285,7.318779419648221,0.273144421739367,-1.9077788587896354,0.0,15.025580999999999,0.00014900000000103275,0.0001793862552488678,1.6125300095864914,1.3035665677382111,5.000000001587068e-06,0.0006100000000088812,0,0,0,11,9,2,1,1,0,0,0,14,1,1,1,1
